Run ID, Benchmark Completed, Prompt Format, Model Path, Lora Path, Quantization, Benchmark Score, EQ-Bench Version, Num Questions Parseable, Num Iterations, Inference Engine, Ooba Params, Download Filters, Error
myrun7,2024-03-11 09:25:54,Mistral2,/home/dnhkng/Documents/models/miqu-1-70b.q4_k_m.gguf,,none,75.55,v2,171.0,1,llama.cpp,--n-gpu-layers 130 -ts 1,1,,
myrun8,2024-03-11 09:45:44,Mistral2,/home/dnhkng/Documents/models/miqu-1-70b.q4_k_m.gguf,,none,80.71,v2,171.0,1,llama.cpp,--n-gpu-layers 130 -ts 1,1 --ctx-size 8192,,
myrun9,2024-03-11 09:56:51,Mistral2,/home/dnhkng/Documents/models/miqu-1-70b.q4_k_m.gguf,,none,80.71,v2,171.0,1,llama.cpp,--n-gpu-layers 130 -ts 1,1 --ctx-size 4096,,
myrun10,2024-03-11 10:08:06,Mistral2,/home/dnhkng/Documents/models/miqu-1-70b.q4_k_m.gguf,,none,80.54,v2,171.0,1,llama.cpp,--n-gpu-layers 130 -ts 1,1 --ctx-size 2048,,
myrun11,2024-03-11 10:22:47,Mistral,/home/dnhkng/Documents/models/miqu-1-70b.q4_k_m.gguf,,none,82.01,v2,171.0,1,llama.cpp,--n-gpu-layers 130 -ts 1,1 --ctx-size 2048,,
myrun12,2024-03-11 10:32:00,ChatML,/home/dnhkng/Documents/models/miqu-1-70b.q4_k_m.gguf,,none,80.4,v2,171.0,1,llama.cpp,--n-gpu-layers 130 -ts 1,1 --ctx-size 2048,,
myrun13,2024-03-11 10:42:53,Mistral2,/home/dnhkng/Documents/models/miqu-1-70b.q4_k_m.gguf,,none,80.66,v2,171.0,1,llama.cpp,--n-gpu-layers 130 -ts 1,1 --ctx-size 1024,,
myrun14,2024-03-11 11:49:26,Mistral,/home/dnhkng/Documents/models/miqu-1-70b.q4_k_m.gguf,,none,82.11,v2,171.0,1,llama.cpp,--n-gpu-layers 130 -ts 1,1 --ctx-size 4096,,
myrun15,2024-03-11 12:00:28,Mistral,/home/dnhkng/Documents/models/miqu-1-70b.q4_k_m.gguf,,none,81.95,v2,171.0,1,llama.cpp,--n-gpu-layers 130 -ts 1,1 --ctx-size 8192,,
myrun16,2024-03-11 13:05:50,Mistral,/home/dnhkng/Documents/models/miqu-1-70b.q4_k_m.gguf,,none,81.88,v2,171.0,1,llama.cpp,--n-gpu-layers 130 -ts 1,1 --ctx-size 1024,,
myrun17,2024-03-11 13:15:34,Mistral,/home/dnhkng/Documents/models/miqu-1-70b.q4_k_m.gguf,,none,75.26,v2,171.0,1,llama.cpp,--n-gpu-layers 130 -ts 1,1 --ctx-size 512,,
myrun17,2024-03-11 13:28:05,Mistral,/home/dnhkng/Documents/models/miqu-1-70b.q4_k_m.gguf,,none,82.07,v2,171.0,1,llama.cpp,--n-gpu-layers 130 -ts 1,1 --ctx-size 8192,,
myrun17,2024-03-11 13:39:16,Mistral3,/home/dnhkng/Documents/models/miqu-1-70b.q4_k_m.gguf,,none,81.27,v2,171.0,1,llama.cpp,--n-gpu-layers 130 -ts 1,1 --ctx-size 2048,,
myrun18,2024-03-11 14:13:19,Mistral3,/home/dnhkng/Documents/models/miqu-1-70b.q4_k_m.gguf,,none,81.76,v2,169.0,1,llama.cpp,--n-gpu-layers 130 -ts 1,1 --ctx-size 1024,,
myrun19,2024-03-11 14:22:23,Mistral3,/home/dnhkng/Documents/models/miqu-1-70b.q4_k_m.gguf,,none,74.72,v2,170.0,1,llama.cpp,--n-gpu-layers 130 -ts 1,1 --ctx-size 512,,
myrun20,2024-03-11 14:33:29,Mistral3,/home/dnhkng/Documents/models/miqu-1-70b.q4_k_m.gguf,,none,81.21,v2,170.0,1,llama.cpp,--n-gpu-layers 130 -ts 1,1 --ctx-size 4096,,
myrun21,2024-03-11 14:44:52,Mistral3,/home/dnhkng/Documents/models/miqu-1-70b.q4_k_m.gguf,,none,81.5,v2,170.0,1,llama.cpp,--n-gpu-layers 130 -ts 1,1 --ctx-size 8192,,
prompt_test2,2024-03-14 15:14:38,Mistral,/home/dnhkng/Documents/models/tinyllama-1.1b-chat-v1.0.Q4_K_M.gguf,,none,FAILED,v2,FAILED,1,ooba,,,Ooba failed to launch.
prompt_test2,2024-03-14 15:14:56,Mistral,/home/dnhkng/Documents/models/tinyllama-1.1b-chat-v1.0.Q4_K_M.gguf,,none,FAILED,v2,FAILED,1,ooba,,,Ooba failed to launch.
prompt_test2,2024-03-14 15:15:58,Mistral,/home/dnhkng/Documents/models/tinyllama-1.1b-chat-v1.0.Q4_K_M.gguf,,none,FAILED,v2,FAILED,1,ooba,,,Ooba failed to launch.
prompt_test2,2024-03-14 15:20:59,Mistral,/home/dnhkng/Documents/models/tinyllama-1.1b-chat-v1.0.Q4_K_M.gguf,,none,FAILED,v2,FAILED,1,ooba,,,Ooba failed to launch.
prompt_test2,2024-03-14 15:24:14,Mistral,/home/dnhkng/Documents/models/tinyllama-1.1b-chat-v1.0.Q4_K_M.gguf,,none,FAILED,v2,FAILED,1,ooba,,,Ooba failed to launch.
prompt_test2,2024-03-14 15:40:31,Mistral,/home/dnhkng/Documents/models/tinyllama-1.1b-chat-v1.0.Q4_K_M.gguf,,none,FAILED,v2,FAILED,1,ooba,,,Ooba failed to launch.
prompt_test2,2024-03-14 15:41:06,Mistral,/home/dnhkng/Documents/models/tinyllama-1.1b-chat-v1.0.Q4_K_M.gguf,,none,FAILED,v2,FAILED,1,ooba,,,Ooba failed to launch.
prompt_test2,2024-03-14 15:42:39,Mistral,/home/dnhkng/Documents/models/tinyllama-1.1b-chat-v1.0.Q4_K_M.gguf,,none,FAILED,v2,FAILED,1,ooba,,,Ooba failed to launch.
prompt_test2,2024-03-14 15:43:37,Mistral,/home/dnhkng/Documents/models/tinyllama-1.1b-chat-v1.0.Q4_K_M.gguf,,none,FAILED,v2,FAILED,1,ooba,,,Ooba failed to launch.
prompt_test2,2024-03-14 15:47:16,Mistral,/home/dnhkng/Documents/models/tinyllama-1.1b-chat-v1.0.Q4_K_M.gguf,,none,FAILED,v2,FAILED,1,ooba,,,Ooba failed to launch.
prompt_test2,2024-03-14 15:47:37,Mistral,/home/dnhkng/Documents/models/tinyllama-1.1b-chat-v1.0.Q4_K_M.gguf,,none,FAILED,v2,FAILED,1,ooba,,,Ooba failed to launch.
prompt_test2,2024-03-14 15:49:53,Mistral,/home/dnhkng/Documents/models/tinyllama-1.1b-chat-v1.0.Q4_K_M.gguf,,none,FAILED,v2,FAILED,1,ooba,,,Ooba failed to launch.
prompt_test2,2024-03-14 15:50:00,Mistral,/home/dnhkng/Documents/models/tinyllama-1.1b-chat-v1.0.Q4_K_M.gguf,,none,FAILED,v2,FAILED,1,ooba,,,Ooba failed to launch.
prompt_test2,2024-03-14 15:50:06,Mistral,/home/dnhkng/Documents/models/tinyllama-1.1b-chat-v1.0.Q4_K_M.gguf,,none,FAILED,v2,FAILED,1,ooba,,,Ooba failed to launch.
prompt_test2,2024-03-14 15:52:50,Mistral,/home/dnhkng/Documents/models/tinyllama-1.1b-chat-v1.0.Q4_K_M.gguf,,none,FAILED,v2,FAILED,1,ooba,,,Ooba failed to launch.
prompt_test2,2024-03-14 16:38:03,Mistral,/home/dnhkng/Documents/models/tinyllama-1.1b-chat-v1.0.Q4_K_M.gguf,,none,FAILED,v2,FAILED,1,ooba,,,Ooba failed to launch.
prompt_test2,2024-03-14 16:43:12,Mistral,/home/dnhkng/Documents/models/tinyllama-1.1b-chat-v1.0.Q4_K_M.gguf,,none,FAILED,v2,FAILED,1,ooba,,,Ooba failed to launch.
prompt_test2,2024-03-14 16:49:04,Mistral,/home/dnhkng/Documents/models/tinyllama-1.1b-chat-v1.0.Q4_K_M.gguf,,none,FAILED,v2,FAILED,1,ooba,,,Ooba failed to launch.
